,City,Lat,Lng,Max Temp(f),Humidity,Cloudiness,Wind Speed,Country,Date
0,Butaritari,3.0707,172.7902,81.19,77,41,15.23,KI,1659291959
1,Rikitea,-23.1203,-134.9692,72.12,74,100,18.63,PF,1659291960
2,Castro,-24.7911,-50.0119,69.3,41,0,6.2,BR,1659291907
3,Atar,20.5169,-13.0499,98.67,30,8,13.15,MR,1659291961
4,Kapaa,22.0752,-159.319,82.38,73,20,12.66,US,1659291961
5,Busselton,-33.65,115.3333,59.52,72,77,21.56,AU,1659291962
6,Manokwari,-0.8667,134.0833,77.67,64,95,4.23,ID,1659291962
7,Krasnyy Yar,46.5331,48.3456,75.13,64,97,4.34,RU,1659291963
8,Port Elizabeth,-33.918,25.5701,53.89,83,0,12.66,ZA,1659291964
9,Saldanha,-33.0117,17.9442,48.25,68,1,19.89,ZA,1659291964
10,Nyurba,63.2842,118.3319,62.74,84,75,2.98,RU,1659291965
11,Puerto Baquerizo Moreno,-0.9,-89.6,76.19,73,75,11.5,EC,1659291965
12,Severo-Kuril'sk,50.6789,156.125,52.23,92,59,9.82,RU,1659291943
13,Bluff,-46.6,168.3333,43.21,80,28,14.34,NZ,1659291966
14,Albany,42.6001,-73.9662,83.68,51,67,1.95,US,1659291967
15,Iturama,-19.7281,-50.1956,87.13,23,0,4.03,BR,1659291967
16,Balkanabat,39.5108,54.3671,89.08,39,79,7.92,TM,1659291967
17,Jamestown,42.097,-79.2353,79.02,52,20,10.36,US,1659291895
18,Touros,-5.1989,-35.4608,79.09,79,69,13.29,BR,1659291912
19,Strezhevoy,60.7333,77.5889,56.05,65,100,10.58,RU,1659291969
20,Egvekinot,66.3167,-179.1667,49.19,55,100,0.43,RU,1659291864
21,Waipawa,-41.4122,175.5153,37.27,88,2,4.99,NZ,1659291969
22,Antiguo Morelos,22.5495,-99.0812,90.45,40,26,4.68,MX,1659291970
23,Palana,59.1167,159.9667,45.91,82,40,7.0,RU,1659291970
24,Ushuaia,-54.8,-68.3,40.66,81,40,3.44,AR,1659291971
25,Honiara,-9.4333,159.95,76.1,87,3,5.48,SB,1659291794
26,New Norfolk,-42.7826,147.0587,47.7,77,99,5.77,AU,1659291971
27,Norman Wells,65.282,-126.8329,66.24,52,20,13.8,CA,1659291789
28,Kiama,-34.6833,150.8667,57.58,67,93,5.01,AU,1659291710
29,Carutapera,-1.195,-46.02,81.77,83,49,6.87,BR,1659291972
30,Vaini,-21.2,-175.2,75.36,94,75,5.75,TO,1659291973
31,Tiksi,71.6872,128.8694,44.35,82,97,14.65,RU,1659291974
32,Cidreira,-30.1811,-50.2056,60.98,73,68,11.45,BR,1659291975
33,Natchez,31.5604,-91.4032,90.25,58,20,6.91,US,1659291731
34,Sibolga,1.7427,98.7792,76.91,86,100,3.09,ID,1659291975
35,George Town,5.4112,100.3354,84.13,89,20,2.3,MY,1659291851
36,Ovalle,-30.5983,-71.2003,65.52,54,50,2.01,CL,1659291976
37,Mataura,-46.1927,168.8643,32.43,97,35,3.27,NZ,1659291977
38,Mussomeli,37.5778,13.7513,76.87,64,5,11.05,IT,1659291977
39,Mahrīz,31.5917,54.4318,84.7,24,47,8.23,IR,1659291978
40,Avarua,-21.2078,-159.775,73.45,68,19,6.91,CK,1659291978
41,Viedma,-40.8135,-62.9967,58.48,41,25,7.81,AR,1659291829
42,Port Alfred,-33.5906,26.891,55.2,75,21,13.49,ZA,1659291699
43,Chui,-33.6971,-53.4616,58.08,59,85,5.12,UY,1659291979
44,Torbay,47.6666,-52.7314,77.88,57,40,20.71,CA,1659291979
45,Tres Picos,15.8667,-93.5333,89.44,58,50,3.89,MX,1659291979
46,Sola,-13.8833,167.55,77.67,100,96,3.44,VU,1659291980
47,Bosconia,9.9689,-73.8836,97.68,36,78,4.56,CO,1659291980
48,Chuguyevka,44.1653,133.8633,69.46,97,99,3.71,RU,1659291981
49,Kavieng,-2.5744,150.7967,81.34,78,92,16.71,PG,1659291981
50,Lebu,-37.6167,-73.65,51.21,76,55,5.41,CL,1659291914
51,Longyan,25.1072,117.0225,74.21,85,43,0.74,CN,1659291982
52,Thompson,55.7435,-97.8558,68.16,42,75,8.05,CA,1659291943
53,Yellowknife,62.456,-114.3525,63.12,45,40,5.01,CA,1659291974
54,Pangoa,-12.1167,-73.0,77.5,75,40,3.02,PE,1659291982
55,Farah,32.5,62.5,86.65,18,0,11.39,AF,1659291983
56,Manggar,-2.8833,108.2667,80.82,78,99,12.06,ID,1659291983
57,Sabha,27.0377,14.4283,92.98,15,33,6.11,LY,1659291984
58,Lakatoro,-16.0999,167.4164,76.51,85,99,8.48,VU,1659291984
59,Porto Santo,33.072,-16.3415,73.78,68,20,13.8,PT,1659291985
60,Mt. Pleasant,32.7941,-79.8626,95.99,61,20,10.36,US,1659291973
61,Araouane,18.9048,-3.5265,102.22,23,28,9.17,ML,1659291986
62,Careiro da Várzea,-3.2003,-59.8119,84.81,53,92,1.77,BR,1659291986
63,Upernavik,72.7868,-56.1549,49.86,63,90,4.88,GL,1659291987
64,Umba,66.6871,34.3429,53.83,90,97,8.84,RU,1659291987
65,Tadine,-21.55,167.8833,69.89,83,95,17.34,NC,1659291987
66,Ribeira Grande,38.5167,-28.7,75.6,73,20,4.61,PT,1659291988
67,Dawei,14.0833,98.2,78.39,90,100,2.51,MM,1659291988
68,San Quintín,30.4833,-115.95,77.97,54,20,8.7,MX,1659291989
69,Asău,46.4333,26.4,69.28,89,99,2.51,RO,1659291989
70,Waingapu,-9.6567,120.2641,73.18,88,29,6.04,ID,1659291990
71,Kenai,60.5544,-151.2583,64.02,84,100,10.36,US,1659291990
72,Geraldton,-28.7667,114.6,54.01,87,75,2.3,AU,1659291991
73,Wamba,8.9333,8.6,74.46,87,55,1.83,NG,1659291991
74,Aklavik,68.2191,-135.0107,57.2,77,40,3.44,CA,1659291992
75,Fukuechō,32.6881,128.8419,82.71,83,92,30.71,JP,1659291992
76,East London,-33.0153,27.9116,52.74,71,0,8.05,ZA,1659291778
77,Nanticoke,41.2054,-76.0049,86.2,50,91,1.01,US,1659291969
78,Mkushi,-13.6202,29.3939,62.53,40,0,6.69,ZM,1659291993
79,‘Ewa Beach,21.3156,-158.0072,80.6,65,0,11.5,US,1659291994
80,Hong Kong,22.2855,114.1577,87.33,82,1,8.99,HK,1659291994
81,Hithadhoo,-0.6,73.0833,79.0,79,100,14.58,MV,1659291995
82,Nuevo Progreso,23.1667,-97.95,90.46,47,29,9.33,MX,1659291995
83,Hobart,-42.8794,147.3294,48.06,81,92,8.05,AU,1659291717
84,Boende,-0.2167,20.8667,76.01,75,97,2.28,CD,1659291996
85,Kaitangata,-46.2817,169.8464,37.27,91,48,7.0,NZ,1659291997
86,Nanortalik,60.1432,-45.2371,49.75,82,96,8.21,GL,1659291997
87,Punta Arenas,-53.15,-70.9167,44.71,76,75,18.41,CL,1659291998
88,Arlit,18.7369,7.3853,103.24,14,14,5.48,NE,1659291998
89,Cape Town,-33.9258,18.4232,53.91,72,0,12.66,ZA,1659291998
90,Monte Aprazível,-20.7725,-49.7142,86.65,19,0,5.08,BR,1659291999
91,Vanimo,-2.6741,141.3028,77.86,87,63,5.17,PG,1659291999
92,Mahébourg,-20.4081,57.7,71.26,73,40,17.27,MU,1659291710
93,Allauch,43.3357,5.482,91.26,32,0,3.0,FR,1659292000
94,Saint Paul Harbor,57.79,-152.4072,58.51,82,100,0.0,US,1659292000
95,Kānkon,15.0167,74.0167,80.4,90,100,10.4,IN,1659292001
96,Port Hueneme,34.1478,-119.1951,94.19,76,75,9.22,US,1659292001
97,Ust'-Ishim,57.6935,71.1665,61.83,90,89,7.99,RU,1659292002
98,Vardø,70.3705,31.1107,53.58,94,100,0.0,NO,1659292002
99,Rio Grande,-32.035,-52.0986,62.71,67,78,6.13,BR,1659292002
100,Båtsfjord,70.6345,29.7185,58.78,88,75,10.36,NO,1659292003
101,Pangnirtung,66.1451,-65.7125,57.2,72,75,11.5,CA,1659291869
102,Gigmoto,13.7796,124.39,80.8,85,100,7.76,PH,1659292004
103,Novikovo,51.1537,37.8879,66.63,58,80,6.67,RU,1659292004
104,Tuktoyaktuk,69.4541,-133.0374,55.4,71,75,6.91,CA,1659292005
105,Boyolangu,-8.1181,111.8935,70.47,91,35,0.96,ID,1659292005
106,Haines Junction,60.7522,-137.5108,57.47,80,88,2.39,CA,1659292006
107,Orta Nova,41.3299,15.7107,84.07,33,0,8.7,IT,1659292006
108,Itarema,-2.9248,-39.9167,84.36,66,47,17.9,BR,1659291930
109,Hualmay,-11.0964,-77.6139,66.24,70,46,10.4,PE,1659292006
110,Bethel,41.3712,-73.414,88.05,49,0,1.99,US,1659292007
111,Dikson,73.5069,80.5464,40.66,89,99,10.4,RU,1659292007
112,Ribeira Brava,32.65,-17.0667,80.01,76,0,0.36,PT,1659292008
113,Vostok,46.4856,135.8833,63.23,96,99,3.76,RU,1659292008
114,Atuona,-9.8,-139.0333,76.15,79,30,13.2,PF,1659292009
115,Vao,-22.6667,167.4833,68.43,75,100,24.45,NC,1659291901
116,Atambua,-9.1061,124.8925,70.02,89,80,4.88,ID,1659292009
117,Teguise,29.0605,-13.564,75.42,69,20,23.02,ES,1659291969
118,Marsá Maţrūḩ,31.3525,27.2453,79.97,79,10,10.87,EG,1659292010
119,Hasaki,35.7333,140.8333,79.29,83,91,5.73,JP,1659292010
120,São João da Barra,-21.6403,-41.0511,77.09,63,29,10.71,BR,1659292011
121,Lata,40.1629,-8.3327,89.49,47,0,7.29,PT,1659292011
122,San Patricio,28.017,-97.5169,98.17,38,2,15.12,US,1659292012
123,Ostrovnoy,68.0531,39.5131,59.43,75,71,7.09,RU,1659292012
124,Sarh,9.1429,18.3923,73.31,100,20,3.44,TD,1659292013
125,Swan River,52.1058,-101.2676,67.89,56,89,3.44,CA,1659292013
126,Melfi,40.9965,15.6514,75.24,34,0,7.72,IT,1659292013
127,Mount Gambier,-37.8333,140.7667,42.93,92,36,7.29,AU,1659292014
128,Sīrjān,29.452,55.6814,77.13,54,57,11.16,IR,1659292014
129,Riverton,40.5219,-111.9391,94.44,33,0,10.36,US,1659292015
130,Bajina Bašta,43.9708,19.5675,69.24,57,39,4.16,RS,1659292015
131,Lompoc,34.6391,-120.4579,87.01,71,0,6.91,US,1659292016
132,Saskylakh,71.9167,114.0833,42.96,86,100,11.23,RU,1659292016
133,Mutoko,-17.397,32.2268,58.89,29,1,4.14,ZW,1659292017
134,Carnarvon,-24.8667,113.6333,68.59,48,100,9.28,AU,1659292017
135,Aswān,24.0934,32.907,94.66,13,9,10.98,EG,1659291952
136,Fortuna,40.5982,-124.1573,71.92,74,0,6.91,US,1659292018
137,Eureka,40.8021,-124.1637,72.19,75,92,4.0,US,1659292018
138,Grand Gaube,-20.0064,57.6608,71.38,69,10,8.99,MU,1659292019
139,Nueve de Julio,-35.4444,-60.8831,68.59,36,42,6.4,AR,1659292019
140,Gazojak,41.1875,61.4036,86.59,24,68,16.04,TM,1659292020
141,Saint-Joseph,-21.3667,55.6167,66.2,80,24,12.46,RE,1659292020
142,Port Blair,11.6667,92.75,78.84,94,75,2.3,IN,1659292021
143,Oshnavīyeh,37.0397,45.0983,78.37,19,26,8.28,IR,1659292021
144,Klaksvík,62.2266,-6.589,51.82,82,38,17.47,FO,1659292022
145,Souillac,-20.5167,57.5167,70.18,73,40,17.27,MU,1659292022
146,Coyhaique,-45.5752,-72.0662,42.75,61,0,5.75,CL,1659291776
147,Qaanaaq,77.484,-69.3632,45.99,57,23,4.27,GL,1659292022
148,Robertsport,6.7533,-11.3686,78.12,74,55,10.49,LR,1659292023
149,Kavaratti,10.5669,72.642,81.0,82,98,22.53,IN,1659292024
150,Srednekolymsk,67.45,153.6833,59.59,47,31,8.01,RU,1659292024
151,Narsaq,60.9167,-46.05,57.42,68,94,3.89,GL,1659292025
152,Awjilah,29.1081,21.2869,91.27,25,0,19.22,LY,1659292025
153,Airai,-8.9266,125.4092,57.02,92,86,3.22,TL,1659292026
154,Zhigansk,66.7697,123.3711,60.62,88,100,8.5,RU,1659292026
155,Bunia,1.5667,30.25,65.21,91,87,1.97,CD,1659291914
156,Río Gallegos,-51.6226,-69.2181,42.85,61,0,10.36,AR,1659292027
157,Richards Bay,-28.783,32.0377,62.82,74,100,12.68,ZA,1659291905
158,Hilo,19.7297,-155.09,80.26,78,40,8.05,US,1659292028
159,Bredasdorp,-34.5322,20.0403,45.45,77,4,1.92,ZA,1659292028
160,Nouadhibou,20.931,-17.0347,78.78,73,25,10.36,MR,1659292029
161,Guerrero Negro,27.9769,-114.0611,82.72,46,10,7.85,MX,1659292029
162,Chipinge,-20.1883,32.6236,56.89,39,16,5.26,ZW,1659292030
163,Khandyga,62.6667,135.6,63.64,81,50,4.14,RU,1659292030
164,Flinders,-34.5833,150.8552,57.38,72,90,7.0,AU,1659291949
165,Athens,37.9795,23.7162,88.29,58,0,4.61,GR,1659291845
166,Hinton,53.4001,-117.5857,73.56,63,94,4.09,CA,1659292031
167,Leningradskiy,69.3833,178.4167,48.47,66,11,5.12,RU,1659292031
168,Tasiilaq,65.6145,-37.6368,51.96,58,82,5.75,GL,1659292032
169,Meulaboh,4.1363,96.1285,76.91,89,93,3.83,ID,1659292032
170,Saint-Philippe,-21.3585,55.7679,67.21,82,46,16.22,RE,1659292033
171,Envira,-7.3,-70.2167,91.36,42,68,0.45,BR,1659292033
172,Kabompo,-13.5927,24.2008,62.49,28,1,2.66,ZM,1659292034
173,The Valley,18.217,-63.0578,87.66,70,20,18.41,AI,1659291888
174,Hermanus,-34.4187,19.2345,43.81,68,5,3.65,ZA,1659292035
175,Thinadhoo,0.5333,72.9333,80.06,78,100,26.02,MV,1659292035
176,Iqaluit,63.7506,-68.5145,53.33,71,75,6.91,CA,1659292036
177,Shingū,33.7333,135.9833,76.75,87,62,5.37,JP,1659292036
178,Beringovskiy,63.05,179.3167,49.89,71,89,2.44,RU,1659292037
179,Pundaguitan,6.3711,126.1689,81.07,74,100,2.04,PH,1659292037
180,Husavik,66.0449,-17.3389,43.92,89,100,14.83,IS,1659292038
181,Alofi,-19.0595,-169.9187,73.29,94,6,8.05,NU,1659291917
182,Vicuña,-30.0319,-70.7081,74.77,41,44,5.7,CL,1659292038
183,Khatanga,71.9667,102.5,44.31,75,99,8.3,RU,1659291860
184,Port Hardy,50.6996,-127.4199,62.78,88,40,10.36,CA,1659292040
185,Kumul,42.8,93.45,84.33,27,50,5.12,CN,1659292040
186,Antalaha,-14.9003,50.2788,67.64,88,0,7.31,MG,1659292040
187,Ereymentau,51.6199,73.1033,62.85,75,100,5.35,KZ,1659292041
188,Constitución,-35.3333,-72.4167,55.96,72,3,3.85,CL,1659292041
189,Nokaneng,-19.6667,22.2667,67.55,18,60,6.29,BW,1659292042
190,Caravelas,-17.7125,-39.2481,72.86,88,63,9.15,BR,1659292042
191,Imbituba,-28.24,-48.6703,66.85,76,3,11.99,BR,1659292043
192,Faanui,-16.4833,-151.75,77.68,75,4,26.4,PF,1659292043
193,Korla,41.7597,86.1469,80.8,38,84,18.54,CN,1659292044
194,Comodoro Rivadavia,-45.8667,-67.5,48.06,53,0,5.75,AR,1659292044
195,Erzin,36.9559,36.2,76.3,82,0,3.98,TR,1659292045
196,Bengkulu,-3.8004,102.2655,75.7,91,73,3.6,ID,1659292045
197,Pueblo,38.2545,-104.6091,93.96,34,0,3.0,US,1659291756
198,Lázaro Cárdenas,17.9583,-102.2,88.03,58,85,4.94,MX,1659292046
199,Esim,4.8699,-2.2405,75.76,78,97,12.57,GH,1659292046
200,Tuatapere,-46.1333,167.6833,36.05,89,17,6.71,NZ,1659292047
201,Noumea,-22.2763,166.4572,70.0,99,100,15.73,NC,1659291878
202,Nome,64.5011,-165.4064,57.27,63,75,5.75,US,1659292047
203,Lábrea,-7.2586,-64.7981,96.53,32,18,2.91,BR,1659292048
204,Los Llanos de Aridane,28.6585,-17.9182,73.13,82,75,14.97,ES,1659291944
205,Bhindār,24.5,74.1833,77.18,77,50,8.23,IN,1659292049
206,Micheweni,-4.9667,39.8333,75.22,78,0,11.63,TZ,1659292049
207,Chokurdakh,70.6333,147.9167,59.45,65,90,5.64,RU,1659292050
208,Chu,43.5983,73.7614,76.59,33,43,7.0,KZ,1659292050
209,Sitka,57.0531,-135.33,55.29,94,100,12.66,US,1659292050
210,Bambous Virieux,-20.3428,57.7575,71.22,73,40,17.27,MU,1659292051
211,Linjiang,41.8069,126.9078,70.5,97,99,1.07,CN,1659292051
212,Mossamedes,-15.1961,12.1522,61.5,74,33,12.55,AO,1659292052
213,Lashma,54.9321,41.1438,62.01,55,60,4.52,RU,1659292052
214,Kruisfontein,-34.0033,24.7314,48.47,77,19,7.76,ZA,1659292053
215,Ahipara,-35.1667,173.1667,51.26,76,13,8.68,NZ,1659292053
216,Lamar,33.6668,-95.5836,91.31,46,40,4.61,US,1659292054
217,Clyde River,70.4692,-68.5914,37.63,100,100,5.75,CA,1659292054
218,Martapura,-3.4167,114.85,75.29,94,100,5.75,ID,1659292055
219,Adrar,20.5022,-10.0711,99.0,24,0,5.32,MR,1659292055
220,Centerville,39.6284,-84.1594,79.29,72,100,8.05,US,1659292056
221,Thanatpin,17.2119,96.3033,80.78,89,100,5.48,MM,1659292057
222,Abu Kamal,34.4506,40.9171,99.19,13,0,10.6,SY,1659292057
223,Bhaktapur,27.6833,85.4167,71.74,94,75,2.3,NP,1659292058
224,Lāsalgaon,20.15,74.2333,74.46,88,70,10.42,IN,1659292058
225,Puerto Ayora,-0.7393,-90.3518,78.76,84,91,5.01,EC,1659292059
226,Fomboni,-12.28,43.7425,76.78,68,16,3.44,KM,1659292059
227,Kortkeros,61.8106,51.5806,64.4,95,96,3.51,RU,1659292060
228,Vangaindrano,-23.35,47.6,66.69,91,1,5.91,MG,1659292033
229,Codrington,-38.2667,141.9667,43.38,95,66,10.8,AU,1659292060
230,Plettenberg Bay,-34.0527,23.3716,51.39,71,42,5.28,ZA,1659292061
231,Ilulissat,69.2167,-51.1,53.62,62,40,6.91,GL,1659292061
232,Vestmannaeyjar,63.4427,-20.2734,54.59,71,20,21.85,IS,1659291838
233,Sobolevo,54.4299,31.8996,64.6,73,100,6.64,RU,1659292062
234,Coquimbo,-29.9533,-71.3436,60.53,67,20,2.3,CL,1659292062
235,Kahului,20.8947,-156.47,80.62,66,20,18.01,US,1659292063
236,Iskateley,67.6803,53.1512,64.63,56,51,14.63,RU,1659292063
237,Chazuta,-6.5742,-76.1367,92.25,43,32,1.97,PE,1659292064
238,Cedar City,37.6775,-113.0619,78.4,53,0,12.66,US,1659292065
239,Madang,-5.2246,145.7966,77.05,88,96,3.13,PG,1659292065
240,Chinsali,-10.5414,32.0816,65.7,45,41,7.61,ZM,1659292065
241,Harlow,51.7766,0.1116,78.44,66,89,10.36,GB,1659292066
242,Waddān,29.1614,16.139,93.02,20,0,14.61,LY,1659292066
243,Songkhla,6.8333,100.6667,80.65,91,100,2.86,TH,1659292067
244,Provideniya,64.3833,-173.3,47.73,82,8,5.06,RU,1659292054
245,Ambilobe,-13.2,49.05,69.89,75,29,3.27,MG,1659292067
246,La Ronge,55.1001,-105.2842,68.25,60,75,10.36,CA,1659292068
247,Ellisras,-23.6649,27.7443,67.3,20,4,5.46,ZA,1659292068
248,Gushikawa,26.3544,127.8686,80.6,93,75,6.91,JP,1659292068
249,Tual,-5.6667,132.75,78.96,84,67,16.42,ID,1659292069
250,Necochea,-38.5473,-58.7368,60.78,57,100,5.37,AR,1659292070
251,Roebourne,-20.7833,117.1333,68.76,68,16,1.95,AU,1659292070
252,Talnakh,69.4865,88.3972,45.21,71,11,15.46,RU,1659292071
253,Huarmey,-10.0681,-78.1522,67.23,73,54,10.22,PE,1659292071
254,Isangel,-19.55,169.2667,68.11,94,95,1.14,VU,1659292071
255,Jackson,42.4165,-122.8345,93.74,43,20,3.44,US,1659291892
256,DeLand,29.0283,-81.3031,98.11,52,0,5.75,US,1659292044
257,Nikolskoye,59.7035,30.7861,66.09,68,79,1.68,RU,1659292072
258,Los Barrios,36.1848,-5.4921,76.84,83,20,6.91,ES,1659292073
259,Hay River,60.8156,-115.7999,62.58,55,5,6.91,CA,1659291973
260,Mar del Plata,-38.0023,-57.5575,60.82,86,0,8.99,AR,1659291785
261,Henties Bay,-22.116,14.2845,54.55,79,34,7.47,NA,1659292073
262,Dao,11.3937,122.6856,76.01,92,100,3.33,PH,1659292074
263,Katiola,8.1333,-5.1,81.23,70,84,2.86,CI,1659292074
264,Roald,62.5833,6.1333,57.34,72,75,4.61,NO,1659292075
265,Kottagūdem,17.55,80.6333,80.98,84,100,1.81,IN,1659292075
266,Guéret,46.1667,1.8667,81.84,34,0,4.05,FR,1659292076
267,Saint George,37.1041,-113.5841,90.63,45,0,4.61,US,1659292070
268,Lethem,3.3803,-59.7968,82.45,72,85,2.51,GY,1659292077
269,Kalianget,-7.05,113.9333,77.94,78,85,5.61,ID,1659292077
270,Batemans Bay,-35.7167,150.1833,54.1,80,100,11.48,AU,1659292078
271,Cherskiy,68.75,161.3,56.32,55,45,12.8,RU,1659292061
272,Carballo,43.213,-8.691,87.22,75,0,9.35,ES,1659292079
273,Laas,46.6166,10.7002,72.7,69,73,4.65,IT,1659292079
274,Broome,42.2506,-75.833,82.45,53,0,6.91,US,1659292080
275,Ngorongoro,-3.2397,35.4875,57.0,67,78,3.96,TZ,1659292080
276,Lillesand,58.2488,8.3778,61.9,100,75,8.05,NO,1659292081
277,Kungur,57.4368,56.9593,61.32,90,82,9.57,RU,1659292081
278,Phang Nga,8.4509,98.5298,80.64,93,100,1.61,TH,1659292082
279,Te Anau,-45.4167,167.7167,31.75,91,48,1.45,NZ,1659291832
280,Khao Wong,16.7001,104.0902,77.49,91,96,3.22,TH,1659292082
281,Sumbe,-11.2061,13.8437,68.36,84,0,9.1,AO,1659292083
282,Santa Vitória do Palmar,-33.5189,-53.3681,58.12,61,85,3.4,BR,1659291789
283,Ayagoz,47.9714,80.4392,64.08,59,75,7.25,KZ,1659292084
284,Goundi,9.3627,17.366,73.44,93,94,4.5,TD,1659292085
285,Ancud,-41.8697,-73.8203,45.23,68,100,0.56,CL,1659292085
286,Boa Vista,2.8197,-60.6733,87.78,55,40,9.22,BR,1659291814
287,Nānākuli,21.3906,-158.1547,80.62,57,0,11.5,US,1659292086
288,Pātrasāer,23.2167,87.5167,87.48,66,100,5.75,IN,1659292022
289,Bako,5.7833,36.5667,67.35,69,86,1.95,ET,1659292086
290,Karasjok,69.4719,25.5112,55.06,86,99,2.08,NO,1659292087
291,Dicabisagan,17.0818,122.4157,78.84,89,100,4.63,PH,1659292087
292,Yangi Marg`ilon,40.4272,71.7189,83.12,28,100,2.3,UZ,1659292087
293,Deputatsky,69.3,139.9,58.15,91,100,3.33,RU,1659292088
294,Mayumba,-3.432,10.6554,71.6,92,69,9.13,GA,1659292088
295,Jalu,29.0331,21.5482,93.34,19,0,11.39,LY,1659292089
296,College,64.8569,-147.8028,58.28,94,75,3.44,US,1659292089
297,Poum,-20.2333,164.0167,70.61,76,99,8.48,NC,1659292090
298,Luanda,-8.8368,13.2343,71.6,78,0,11.5,AO,1659292090
299,Caconda,-13.7333,15.0667,63.14,35,14,6.91,AO,1659292091
300,Barrow,71.2906,-156.7887,39.27,83,44,7.54,US,1659292009
301,Praia da Vitória,38.7333,-27.0667,77.25,73,20,3.83,PT,1659291963
302,Esperance,-33.8667,121.9,49.1,68,35,13.47,AU,1659292091
303,Dingle,10.9995,122.6711,75.58,90,100,1.88,PH,1659292092
304,Camacha,33.0833,-16.3333,71.02,68,20,13.8,PT,1659292092
305,Hailar,49.2,119.7,64.08,80,48,5.39,CN,1659292093
306,Arraial do Cabo,-22.9661,-42.0278,73.26,56,20,8.05,BR,1659292093
307,Mnogovershinnyy,53.9353,139.9242,55.9,97,29,4.32,RU,1659292094
308,Alice Springs,-23.7,133.8833,45.95,57,2,5.75,AU,1659292094
309,Adilcevaz,38.8039,42.7342,75.94,33,65,6.91,TR,1659292095
310,Xinqing,48.2333,129.5,67.24,94,0,1.83,CN,1659292095
311,Neuquén,-38.9516,-68.0591,55.29,54,0,0.0,AR,1659292095
312,Il’inskiy,55.619,38.1182,67.71,49,0,0.0,RU,1659292096
313,Pimenta Bueno,-11.6725,-61.1936,97.34,18,1,4.61,BR,1659292096
314,Phalombe,-15.8064,35.6507,65.07,55,55,4.63,MW,1659292097
315,Takoradze,4.8845,-1.7554,75.36,78,99,13.29,GH,1659292097
316,Kassala,15.451,36.4,82.89,65,96,15.26,SD,1659292098
317,Bac Lieu,9.285,105.7244,80.96,86,100,8.57,VN,1659292098
318,Gloversville,43.0528,-74.3438,81.75,72,66,7.43,US,1659291889
319,Syedove,47.0768,38.156,82.94,52,32,17.67,UA,1659292099
320,Seddon,-37.8068,144.8916,52.66,76,20,11.5,AU,1659292100
321,Marfino,55.7028,37.3822,68.34,49,0,6.71,RU,1659292100
322,Eyl,7.9803,49.8164,77.43,73,13,25.19,SO,1659292100
323,Nelson,-41.2833,173.2833,37.29,94,1,4.0,NZ,1659292020
324,Veinticinco de Diciembre,25.2602,-104.0519,87.33,26,55,9.22,MX,1659292101
325,Brest,52.1,23.7,63.72,98,100,6.44,BY,1659292102
326,Arrondissement de La Rochelle,46.25,-1.0,84.52,78,0,17.27,FR,1659292102
327,Rāmshīr,30.8946,49.4092,92.95,48,80,25.23,IR,1659292102
328,Porto Walter,-8.2686,-72.7439,94.35,35,21,2.91,BR,1659292103
329,Kuala Terengganu,5.3302,103.1408,78.75,94,20,3.44,MY,1659292103
330,Bereda,43.2686,-7.5406,70.68,73,2,7.65,ES,1659292104
331,Fort Nelson,58.8053,-122.7002,62.19,67,75,8.05,CA,1659292104
332,Qom,34.6401,50.8764,93.45,22,67,2.55,IR,1659292105
333,Yeppoon,-23.1333,150.7333,58.78,81,100,8.68,AU,1659292105
334,Malye Derbety,47.9547,44.6808,86.14,34,46,6.4,RU,1659292106
335,Lexington,37.9887,-84.4777,73.29,87,100,0.0,US,1659291903
336,Pevek,69.7008,170.3133,45.27,69,2,9.98,RU,1659291969
337,Puerto Escondido,15.85,-97.0667,88.63,66,40,8.05,MX,1659292107
338,Abéché,13.8292,20.8324,81.48,59,85,5.37,TD,1659292107
339,Srandakan,-7.9386,110.2506,72.37,88,64,3.58,ID,1659292108
340,Guarujá,-23.9931,-46.2564,73.89,33,20,9.22,BR,1659292108
341,Miramar,25.9873,-80.2323,93.02,64,20,14.97,US,1659292109
342,El Retorno,2.3302,-72.6276,82.33,80,59,2.53,CO,1659292109
343,Dāhānu,19.9667,72.7333,81.88,81,38,7.25,IN,1659292109
344,Qaqortoq,60.7167,-46.0333,49.59,75,95,1.16,GL,1659292110
345,Olinda,-8.0089,-34.8553,80.33,69,40,12.66,BR,1659292110
346,Arrondissement de Bastia,42.6667,9.3333,87.13,59,0,3.44,FR,1659292111
347,Ust'-Koksa,50.2696,85.6108,53.44,87,84,0.96,RU,1659292111
348,Simdega,22.6167,84.5167,80.1,75,100,2.15,IN,1659292112
349,Tygda,53.1167,126.3333,63.1,99,100,5.23,RU,1659292112
350,Maniitsoq,65.4167,-52.9,42.15,91,89,6.89,GL,1659292112
351,Shache,38.4167,77.2406,73.71,29,82,11.41,CN,1659292113
352,Agüimes,27.9054,-15.4461,76.66,67,20,31.0,ES,1659292113
353,Laško,46.1546,15.2356,77.72,60,90,1.54,SI,1659292114
354,Obo,5.3998,26.4869,69.03,96,72,3.15,CF,1659292114
355,Ust'-Omchug,61.15,149.6333,50.02,93,100,5.61,RU,1659292115
356,Bubaque,11.2833,-15.8333,79.68,79,26,18.34,GW,1659292115
357,Mabaruma,8.2,-59.7833,84.72,70,69,5.23,GY,1659292116
358,Nichinan,31.6,131.3667,79.9,91,97,13.65,JP,1659292116
359,Inhambane,-23.865,35.3833,66.18,88,20,6.91,MZ,1659291910
360,San Cristobal,7.7669,-72.225,80.78,51,49,8.55,VE,1659292117
361,Rusape,-18.5278,32.1284,55.04,33,4,4.63,ZW,1659292117
362,Laguna,38.421,-121.4238,83.01,66,0,9.22,US,1659292118
363,Lipin Bor,60.2622,37.9763,58.17,80,43,3.27,RU,1659292118
364,Kichera,55.9375,110.0997,56.1,99,100,0.67,RU,1659292119
365,Ābdānān,32.9926,47.4198,90.0,11,0,0.98,IR,1659292119
366,Bullhead City,35.1478,-114.5683,99.01,41,75,11.5,US,1659292120
367,La Peca,-5.6111,-78.435,83.14,49,44,3.15,PE,1659291871
368,Kwinana,-32.25,115.7667,54.14,67,31,5.01,AU,1659292120
369,Dongsheng,39.8161,109.9776,73.22,53,29,10.2,CN,1659292121
370,Tutóia,-2.7619,-42.2744,83.7,69,30,12.68,BR,1659292121
371,Longyearbyen,78.2186,15.6401,51.64,71,0,4.61,SJ,1659292122
372,Inírida,3.8653,-67.9239,85.75,68,51,1.05,CO,1659292122
373,Saint-François,46.4154,3.9054,85.44,32,0,9.22,FR,1659292123
374,Taoudenni,22.6783,-3.9836,108.73,13,47,1.63,ML,1659292053
375,Acapulco de Juárez,16.8634,-99.8901,87.62,62,40,6.91,MX,1659292123
376,Morehead,37.2711,-87.1764,76.98,83,100,5.75,US,1659292123
377,Jászdózsa,47.5661,20.0153,69.12,52,99,17.11,HU,1659292124
378,Buraidah,26.326,43.975,91.85,36,71,16.02,SA,1659292124
379,Liwale,-9.7667,37.9333,68.38,65,67,3.49,TZ,1659292125
380,Indiaroba,-11.5192,-37.5117,80.49,66,19,7.61,BR,1659292125
381,Vidalia,32.2177,-82.4135,95.11,43,40,8.05,US,1659292126
382,Zaozyornoye,45.1582,33.2787,78.15,61,7,5.68,UA,1659292126
383,Ndélé,8.4109,20.6473,70.74,96,100,5.17,CF,1659292126
384,Kiunga,-6.1219,141.2906,73.62,99,69,2.64,PG,1659292127
385,Tura,25.5198,90.2201,73.69,97,100,3.94,IN,1659292128
386,Hofn,64.2539,-15.2082,54.72,57,100,8.75,IS,1659292099
387,Bo Rai,12.5728,102.5371,83.68,96,83,0.67,TH,1659292128
388,Balatonlelle,46.7832,17.695,75.85,47,22,7.52,HU,1659292129
389,Kozhva,65.1073,57.0459,61.75,57,90,5.91,RU,1659292129
390,Sibay,52.7181,58.6658,63.45,83,90,3.31,RU,1659292129
391,Vestmanna,62.1564,-7.1664,49.53,85,26,15.64,FO,1659292130
392,Cockburn Town,21.4612,-71.1419,87.76,66,40,13.8,TC,1659292130
393,Moussoro,13.6408,16.4901,87.04,50,99,5.82,TD,1659292131
394,Ust-Nera,64.5667,143.2,61.3,89,83,5.41,RU,1659292131
395,Presidencia Roque Sáenz Peña,-26.7852,-60.4388,79.59,21,12,2.08,AR,1659292132
396,Hamilton,39.1834,-84.5333,79.25,76,100,8.05,US,1659292042
397,Olkhovka,53.2115,60.6069,63.52,70,32,3.44,RU,1659292132
398,Mehamn,71.0357,27.8492,60.75,82,75,6.91,NO,1659292133
399,Cap Malheureux,-19.9842,57.6142,71.47,69,10,8.99,MU,1659292133
400,Ponta Delgada,37.7333,-25.6667,74.12,78,75,8.05,PT,1659291952
401,Redmond,47.674,-122.1215,90.34,53,0,5.99,US,1659292134
402,Half Moon Bay,37.4636,-122.4286,76.59,76,20,14.97,US,1659291950
403,Anadyr,64.75,177.4833,52.3,76,0,6.71,RU,1659292134
404,Iztapa,13.9333,-90.7075,89.65,70,20,6.91,GT,1659292135
405,Verkhnyaya Toyma,62.2349,44.9985,57.13,95,99,2.48,RU,1659292135
406,Homer,59.6425,-151.5483,60.67,84,75,3.44,US,1659292136
407,Bada,51.392,109.8717,56.12,92,72,3.69,RU,1659292136
408,Karratha,-20.7377,116.8463,69.48,70,16,3.06,AU,1659292137
409,Cabo San Lucas,22.8909,-109.9124,92.61,59,0,10.36,MX,1659292105
410,Jumla,29.2747,82.1838,63.16,96,100,1.43,NP,1659292102
411,Rawson,-43.3002,-65.1023,52.11,56,96,8.19,AR,1659292137
412,Stabat,3.761,98.4513,79.0,97,89,3.04,ID,1659292138
413,Chemal,51.4111,86.005,60.73,85,80,3.87,RU,1659292138
414,Dunedin,-45.8742,170.5036,42.8,65,46,6.69,NZ,1659292138
415,San,13.3034,-4.8956,95.16,33,97,6.53,ML,1659292139
416,Tūkrah,32.5341,20.5791,80.94,76,0,7.43,LY,1659292140
417,Sept-Îles,50.2001,-66.3821,77.0,64,75,13.8,CA,1659291913
418,Biltine,14.5333,20.9167,83.48,61,88,1.63,TD,1659292140
419,Huilong,31.8111,121.655,82.92,93,0,7.18,CN,1659292141
420,Lucapa,-8.4192,20.7447,76.71,23,0,1.7,AO,1659292141
421,San Jerónimo,-11.9472,-75.2829,66.29,29,0,2.59,PE,1659292142
422,Mildura,-34.2,142.15,42.08,91,8,9.91,AU,1659292142
423,Adré,13.4667,22.2,78.13,69,100,7.0,TD,1659292142
424,Kurchum,48.5722,83.6542,66.09,58,66,3.24,KZ,1659292143
425,Nishihara,26.1842,127.7558,80.65,91,100,20.71,JP,1659292144
426,Porto Velho,-8.7619,-63.9039,91.45,38,20,6.91,BR,1659292144
427,Iquique,-20.2208,-70.1431,62.64,71,3,9.46,CL,1659292145
428,Toamasina,-18.1667,49.3833,66.2,94,40,2.3,MG,1659292145
429,Morón,-34.6534,-58.6198,66.09,52,83,4.9,AR,1659292061
430,Sanford,28.8006,-81.2731,98.17,51,0,4.0,US,1659292146
431,Harper,4.375,-7.7169,75.94,78,76,12.08,LR,1659292146
432,Trairi,-3.2778,-39.2689,83.79,65,27,12.88,BR,1659291903
433,Brčko,44.8728,18.8083,78.62,40,66,8.75,BA,1659292147
434,Petropavlovsk-Kamchatskiy,53.0452,158.6483,52.39,100,75,0.0,RU,1659292147
435,Assiniboia,49.6334,-105.9845,73.22,56,9,4.61,CA,1659292148
436,San Antonio,29.4241,-98.4936,96.98,47,20,8.05,US,1659291990
437,Oistins,13.0667,-59.5333,86.09,74,75,21.85,BB,1659292148
438,Progreso,21.2833,-89.6667,87.91,60,100,11.88,MX,1659292149
439,Devonport,-41.1667,146.35,51.1,90,93,17.05,AU,1659292150
440,Westport,41.1415,-73.3579,89.31,55,0,11.5,US,1659292031
441,Clarksville,36.5298,-87.3595,80.78,90,75,11.5,US,1659291961
442,Dudinka,69.4058,86.1778,45.63,65,15,17.38,RU,1659292153
443,Auki,-8.7676,160.7034,76.42,89,5,4.7,SB,1659292154
444,Waspán,14.7419,-83.9717,83.19,80,77,8.93,NI,1659292155
445,Lumsden,50.6501,-104.8678,73.0,56,78,5.53,CA,1659292156
446,Coahuayana Viejo,18.7333,-103.6833,91.71,51,71,4.25,MX,1659292156
447,Mocuba,-16.8392,36.9856,67.06,87,2,5.28,MZ,1659292157
448,Helong,42.5397,128.9972,70.92,99,100,1.21,CN,1659292157
449,Oga,46.4631,10.347,64.96,64,59,5.14,IT,1659292157
450,Paphos,34.7667,32.4167,82.18,78,0,8.05,CY,1659292158
451,Tondano,1.3038,124.9112,68.09,91,100,0.6,ID,1659292160
452,Palmer,42.1584,-72.3287,86.63,49,75,6.91,US,1659292162
453,Humberto de Campos,-2.5983,-43.4611,86.2,61,44,10.07,BR,1659292166
454,Verkhnevilyuysk,63.4453,120.3167,62.29,87,87,3.47,RU,1659292166
455,Piterka,50.6803,47.4454,75.2,58,73,14.32,RU,1659292167
456,Mazamet,43.49,2.373,90.07,38,0,13.8,FR,1659292167
457,Disraeli,45.9001,-71.3491,77.22,56,3,1.01,CA,1659292167
458,Lundamo,63.1333,10.3,52.47,98,100,4.9,NO,1659292168
459,Corrente,-3.7367,-43.3394,87.94,53,47,1.28,BR,1659292169
460,Karrāpur,23.95,78.85,79.81,77,96,7.45,IN,1659292169
461,Kudahuvadhoo,2.6708,72.8944,78.67,79,100,28.97,MV,1659292169
462,Bacolod City,10.6667,122.95,77.74,84,100,2.66,PH,1659292170
463,Moche,-8.1711,-79.0092,66.38,72,75,10.36,PE,1659292170
464,Belmonte,-15.8631,-38.8828,76.93,74,7,7.2,BR,1659292171
465,Hīt,33.6416,42.8251,102.88,9,1,9.89,IQ,1659292171
466,Grindavik,63.8424,-22.4338,52.27,71,75,18.41,IS,1659292172
467,Samfya,-11.3649,29.5565,68.2,40,3,4.09,ZM,1659292172
468,Lorengau,-2.0226,147.2712,81.61,77,68,7.9,PG,1659292173
469,Tessalit,20.1986,1.0114,103.05,13,73,8.99,ML,1659292174
470,Mérida,20.9667,-89.6167,87.82,66,75,11.5,MX,1659292059
471,Umm Kaddadah,13.6017,26.6876,82.94,54,94,5.3,SD,1659292175
472,Murray Bridge,-35.1167,139.2667,52.12,87,0,10.13,AU,1659292175
473,Bermejo,-32.8833,-68.8,62.51,36,0,4.61,AR,1659292176
474,Tezu,27.9167,96.1667,75.22,98,99,2.21,IN,1659292061
475,Marzuq,14.4,46.4667,79.92,69,3,9.98,YE,1659292176
476,Berdigestyakh,62.0989,126.6992,62.82,94,98,5.39,RU,1659292153
477,São Filipe,14.8961,-24.4956,76.39,79,100,7.31,CV,1659291981
478,La Paz,-16.5,-68.15,66.18,10,20,9.22,BO,1659292177
479,Iwanai,42.9744,140.5089,72.54,98,100,0.96,JP,1659292178
480,Brzeg,50.8608,17.4674,74.91,59,21,2.73,PL,1659292178
481,Punalūr,9.0,76.9333,76.62,92,64,2.57,IN,1659292179
482,Walvis Bay,-22.9575,14.5053,55.09,76,0,4.61,NA,1659291992
483,Challakere,14.3167,76.65,81.59,66,100,7.63,IN,1659292179
484,Abu Dhabi,24.4667,54.3667,98.71,58,0,6.91,AE,1659292046
485,Dhidhdhoo,6.8833,73.1,77.27,92,100,27.2,MV,1659292180
486,Bantou,26.2151,117.4893,77.09,85,45,1.54,CN,1659292180
487,Dakar,14.6937,-17.4441,84.33,70,40,11.5,SN,1659292132
488,Abnūb,27.2696,31.1511,92.3,20,43,8.16,EG,1659292181
489,Katherine,-14.4667,132.2667,61.12,63,90,8.05,AU,1659292181
490,Ballina,-28.8667,153.5667,57.02,97,98,6.13,AU,1659292182
491,Kaka,37.3482,59.6143,91.17,24,49,5.28,TM,1659292182
492,San Felipe,10.3399,-68.7425,85.05,67,55,3.18,VE,1659292183
493,Sabzawār,36.2126,57.6819,83.48,30,0,13.8,IR,1659292184
494,Lake City,30.1897,-82.6393,93.85,49,40,0.0,US,1659292184
495,Adolfo López Mateos,28.4667,-107.3,79.93,34,68,12.97,MX,1659292184
496,Aykhal,66.0,111.5,59.36,95,100,13.87,RU,1659292185
497,Novoagansk,61.9449,76.6625,54.64,65,76,10.67,RU,1659292186
498,Gari,59.4307,62.3497,61.3,91,100,6.04,RU,1659292186
499,Lakes Entrance,-37.8811,147.981,46.17,75,90,5.93,AU,1659292186
500,Fairbanks,64.8378,-147.7164,58.3,94,100,3.44,US,1659292028
501,Antofagasta,-23.65,-70.4,58.28,74,36,10.67,CL,1659292187
502,Ugoofaaru,5.6667,73.0,77.4,92,100,29.28,MV,1659292187
503,Salalah,17.0151,54.0924,77.09,88,75,10.36,OM,1659292188
504,Quryq,43.2,51.65,84.24,51,0,11.59,KZ,1659292188
505,Port-Gentil,-0.7193,8.7815,75.16,83,40,13.8,GA,1659292189
506,Kuching,1.55,110.3333,77.22,94,20,1.99,MY,1659292189
507,North Bend,43.4065,-124.2243,65.16,93,100,6.91,US,1659292190
508,Soyo,-6.1349,12.3689,70.59,86,8,9.75,AO,1659292190
509,Aleysk,52.4926,82.7822,70.74,49,57,5.84,RU,1659292190
510,Maumere,-8.6199,122.2111,75.72,82,73,5.84,ID,1659292191
511,Tegul'det,57.3064,88.1667,62.22,97,11,3.44,RU,1659292191
512,Ponta do Sol,32.6667,-17.1,80.01,74,0,1.92,PT,1659292192
513,Chicama,-7.8447,-79.1469,64.94,62,55,10.49,PE,1659292192
514,Newnan,33.3807,-84.7997,89.8,61,40,4.61,US,1659292193
515,Ulaangom,49.9811,92.0667,67.6,54,75,3.94,MN,1659292193
516,Ballitoville,-29.539,31.2144,60.94,51,75,11.5,ZA,1659292194
517,Ankara,39.9199,32.8543,85.39,38,0,13.8,TR,1659292055
518,Gelibolu,40.4103,26.6708,82.26,65,12,10.13,TR,1659292195
519,Barauli,26.4,84.5833,83.8,78,98,1.12,IN,1659292195
520,Bellingham,48.7595,-122.4882,89.22,73,0,5.01,US,1659292196
521,Sistranda,63.7256,8.834,53.56,78,100,7.96,NO,1659292196
522,Batticaloa,7.7102,81.6924,79.18,86,100,8.93,LK,1659292197
523,Thayetmyo,19.3167,95.1833,80.26,82,100,4.97,MM,1659292197
524,Baykit,61.67,96.37,61.97,94,79,3.06,RU,1659292198
525,Kamaishi,39.2667,141.8833,75.63,82,41,4.21,JP,1659292198
526,Kieta,-6.2167,155.6333,78.49,84,79,6.53,PG,1659292199
527,Salekhard,66.53,66.6019,53.2,68,33,8.43,RU,1659292199
528,Jizan,17.3333,42.6667,86.94,56,71,2.68,SA,1659292199
529,Bad Mergentheim,49.4925,9.7736,82.78,31,79,10.89,DE,1659292200
530,Udachny,66.4167,112.4,59.45,93,100,14.85,RU,1659292200
531,Okhotsk,59.3833,143.3,57.38,92,100,7.0,RU,1659292201
532,Loksa,59.5764,25.7214,62.08,82,51,4.68,EE,1659292201
533,Rønne,55.1009,14.7066,64.31,77,96,5.75,DK,1659292202
534,Mazagão,-0.115,-51.2894,89.65,56,67,6.04,BR,1659292203
535,Pisco,-13.7,-76.2167,63.01,82,100,8.05,PE,1659292203
536,Harwich,51.9419,1.2844,74.21,71,53,11.99,GB,1659292204
537,Povenets,62.8487,34.8262,55.27,89,96,3.38,RU,1659292204
538,Namtsy,62.7161,129.6658,64.26,78,100,4.52,RU,1659292205
539,Kyren,51.6828,102.1408,59.5,80,5,1.81,RU,1659292205
540,Tarko-Sale,64.9225,77.785,50.31,71,5,13.22,RU,1659292206
541,Peniche,39.3558,-9.3811,86.07,83,1,7.49,PT,1659292206
542,Sidi Ali,36.0998,0.4206,81.82,62,0,5.19,DZ,1659292207
543,Champerico,14.3,-91.9167,88.34,72,100,4.56,GT,1659292208
544,Auchi,7.0667,6.2667,72.19,95,100,6.55,NG,1659292208
545,Sena Madureira,-9.0656,-68.6569,96.3,29,51,3.42,BR,1659292209
546,Yukamenskoye,57.8865,52.2416,61.9,80,7,1.57,RU,1659292209
547,Sampit,-2.5333,112.95,73.58,97,100,2.15,ID,1659292210
548,Tabas,33.5959,56.9244,95.22,20,2,4.61,IR,1659292210
549,Djibouti,11.5,42.5,93.16,31,100,0.81,DJ,1659292211
550,Dickinson,29.4608,-95.0513,97.09,56,40,13.8,US,1659292211
551,Cassilândia,-19.1133,-51.7342,89.8,20,0,2.57,BR,1659292212
552,Tottenham,-32.2333,147.35,51.39,93,96,9.53,AU,1659292212
553,Kunashak,55.7032,61.5498,61.32,95,30,6.93,RU,1659292213
554,Turukhansk,65.8167,87.9833,49.19,71,97,19.01,RU,1659292213
555,Temax,21.15,-88.9333,96.84,37,81,4.74,MX,1659292213
556,Kalmunai,7.4167,81.8167,78.91,85,100,11.01,LK,1659292214
557,Prince Rupert,54.3161,-130.3201,60.49,94,100,5.75,CA,1659292021
558,Belyy Yar,53.6039,91.3903,63.86,88,0,4.47,RU,1659292215
559,Yulara,-25.2406,130.9889,47.77,42,6,8.57,AU,1659292215
560,Savinskiy,62.9342,40.1361,55.85,80,54,3.83,RU,1659292216
561,Lüderitz,-26.6481,15.1594,58.8,53,0,22.64,NA,1659292217
562,Alta Floresta,-9.8756,-56.0861,96.62,24,0,6.91,BR,1659292217
563,Santa Rosa,14.3122,121.1114,79.11,95,100,1.54,PH,1659292218
564,Pobé,6.9801,2.6649,73.44,82,100,9.4,BJ,1659292218
565,Mayo,38.8876,-76.5119,88.21,59,20,10.36,US,1659292219
566,Departamento de Maldonado,-34.6667,-54.9167,60.19,65,100,3.51,UY,1659292219
567,Rørvik,64.8621,11.2373,55.38,100,100,8.05,NO,1659292219
568,Vung Tau,10.346,107.0843,81.48,82,100,11.21,VN,1659292134
569,Penzance,50.1186,-5.5371,66.88,90,46,10.83,GB,1659292220
570,Haldia,22.0605,88.1097,85.6,73,100,11.32,IN,1659292220
571,Lipari,38.4674,14.954,84.33,62,0,2.53,IT,1659292221
572,Nakatsugawa,35.4833,137.5,77.11,91,96,3.69,JP,1659292221
573,Takaungu,-3.6837,39.8566,75.69,85,0,13.98,KE,1659292222
574,Aksay,47.26,39.87,84.25,33,5,14.0,RU,1659292222
575,Ust-Maya,60.4167,134.5333,60.96,83,10,3.67,RU,1659292222
576,Vancouver,49.2497,-123.1193,86.99,59,0,10.0,CA,1659291945
577,Kulhudhuffushi,6.6221,73.07,76.68,92,100,29.55,MV,1659292223
